id,name,model_id:id,group_id:id,perm_read,perm_write,perm_create,perm_unlink
access_chart_demo_request_user,chart.demo.request.user,model_chart_demo_request,base.group_user,1,1,1,0
access_chart_demo_request_manager,chart.demo.request.manager,model_chart_demo_request,base.group_system,1,1,1,1
access_chart_demo_request_public,chart.demo.request.public,model_chart_demo_request,base.group_public,1,0,1,0
access_chart_service_user,chart.service.user,model_chart_service,base.group_user,1,0,0,0
access_chart_service_manager,chart.service.manager,model_chart_service,base.group_system,1,1,1,1
access_chart_module_user,chart.module.user,model_chart_module,base.group_user,1,0,0,0
access_chart_module_manager,chart.module.manager,model_chart_module,base.group_system,1,1,1,1
