<?xml version="1.0" encoding="utf-8"?>
<odoo>
    <data noupdate="1">
        <!-- Demo Partners -->
        <record id="demo_partner_1" model="res.partner">
            <field name="name">Empresa Demo 1</field>
            <field name="email">demo1@chartodoo.com</field>
            <field name="phone">+34 123 456 789</field>
            <field name="country_id" ref="base.es"/>
            <field name="is_company">True</field>
        </record>

        <record id="demo_partner_2" model="res.partner">
            <field name="name">Empresa Demo 2</field>
            <field name="email">demo2@chartodoo.com</field>
            <field name="phone">+52 987 654 321</field>
            <field name="country_id" ref="base.mx"/>
            <field name="is_company">True</field>
        </record>

        <!-- Demo Services -->
        <record id="demo_service_implementation" model="chart.service">
            <field name="name">Implementación Odoo Demo</field>
            <field name="description">Servicio de implementación de Odoo para empresas medianas</field>
            <field name="duration">30</field>
            <field name="price">5000.0</field>
            <field name="service_type">implementation</field>
            <field name="is_active">True</field>
        </record>

        <record id="demo_service_training" model="chart.service">
            <field name="name">Capacitación Odoo Demo</field>
            <field name="description">Capacitación integral en Odoo para usuarios finales</field>
            <field name="duration">5</field>
            <field name="price">1500.0</field>
            <field name="service_type">training</field>
            <field name="is_active">True</field>
        </record>

        <!-- Demo Requests -->
        <record id="demo_request_1" model="demo.request">
            <field name="name">Juan Carlos Demo</field>
            <field name="email">jc.demo@empresa1.com</field>
            <field name="phone">+34 600 123 456</field>
            <field name="company">Empresa Demo 1</field>
            <field name="employees">25</field>
            <field name="message">Estamos interesados en implementar Odoo para nuestra empresa</field>
            <field name="partner_id" ref="demo_partner_1"/>
            <field name="service_id" ref="demo_service_implementation"/>
            <field name="state">new</field>
        </record>

        <record id="demo_request_2" model="demo.request">
            <field name="name">María González Demo</field>
            <field name="email">maria.demo@empresa2.com</field>
            <field name="phone">+52 555 987 654</field>
            <field name="company">Empresa Demo 2</field>
            <field name="employees">50</field>
            <field name="message">Necesitamos capacitación en Odoo para nuestro equipo</field>
            <field name="partner_id" ref="demo_partner_2"/>
            <field name="service_id" ref="demo_service_training"/>
            <field name="state">in_progress</field>
        </record>
    </data>
</odoo>
