<?xml version="1.0" encoding="utf-8"?>
<odoo>
    <data noupdate="1">

        <!-- Servicios Chart Odoo -->
        <record id="service_implementation" model="chart.service">
            <field name="name">Implementación Odoo con IA</field>
            <field name="description">Implementación completa de Odoo con Inteligencia Artificial integrada para optimizar procesos empresariales</field>
            <field name="category">implementation</field>
            <field name="sequence">10</field>
            <field name="icon">🚀</field>
            <field name="color">#2c3e50</field>
            <field name="ai_enhanced">True</field>
            <field name="ai_features">Análisis automatizado de procesos, configuración inteligente de módulos, optimización de flujos de trabajo</field>
            <field name="price_type">custom</field>
        </record>

        <record id="service_consulting" model="chart.service">
            <field name="name">Consultoría ERP</field>
            <field name="description">Consultoría especializada en análisis de procesos y diseño de soluciones ERP personalizadas</field>
            <field name="category">consulting</field>
            <field name="sequence">20</field>
            <field name="icon">👨‍💼</field>
            <field name="color">#27ae60</field>
            <field name="price_type">hourly</field>
            <field name="price">150.0</field>
        </record>

        <record id="service_development" model="chart.service">
            <field name="name">Desarrollo Personalizado</field>
            <field name="description">Desarrollo de módulos personalizados y customizaciones específicas para tu negocio</field>
            <field name="category">development</field>
            <field name="sequence">30</field>
            <field name="icon">💻</field>
            <field name="color">#3498db</field>
            <field name="price_type">custom</field>
        </record>

        <record id="service_ai_integration" model="chart.service">
            <field name="name">Integración de IA</field>
            <field name="description">Integración de herramientas de Inteligencia Artificial para análisis predictivo y automatización</field>
            <field name="category">ai_integration</field>
            <field name="sequence">15</field>
            <field name="icon">🤖</field>
            <field name="color">#9b59b6</field>
            <field name="ai_enhanced">True</field>
            <field name="ai_features">Análisis predictivo, automatización de procesos, reportes inteligentes, chatbots</field>
            <field name="price_type">custom</field>
        </record>

        <record id="service_support" model="chart.service">
            <field name="name">Soporte 24/7</field>
            <field name="description">Soporte técnico continuo con agentes de IA para resolución rápida de incidencias</field>
            <field name="category">support</field>
            <field name="sequence">40</field>
            <field name="icon">🛠️</field>
            <field name="color">#e74c3c</field>
            <field name="ai_enhanced">True</field>
            <field name="ai_features">Chatbot inteligente, diagnóstico automático, resolución predictiva</field>
            <field name="price_type">monthly</field>
            <field name="price">500.0</field>
        </record>

        <record id="service_training" model="chart.service">
            <field name="name">Capacitación y Training</field>
            <field name="description">Programas de capacitación personalizados para maximizar el uso de Odoo en tu organización</field>
            <field name="category">training</field>
            <field name="sequence">50</field>
            <field name="icon">📚</field>
            <field name="color">#f39c12</field>
            <field name="price_type">fixed</field>
            <field name="price">1200.0</field>
        </record>

        <!-- Módulos Chart Odoo -->
        <record id="module_accounting" model="chart.module">
            <field name="name">Contabilidad</field>
            <field name="technical_name">account</field>
            <field name="description">Gestión contable completa con reportes automáticos y análisis de IA</field>
            <field name="category">accounting</field>
            <field name="icon">📊</field>
            <field name="color_class">bg-blue-100</field>
            <field name="sequence">10</field>
            <field name="implementation_time">15</field>
            <field name="complexity">intermediate</field>
            <field name="ai_features">True</field>
            <field name="ai_description">Análisis automático de flujo de caja, predicción de cobros, detección de anomalías</field>
        </record>

        <record id="module_sales" model="chart.module">
            <field name="name">Ventas</field>
            <field name="technical_name">sale</field>
            <field name="description">Gestión completa del proceso de ventas con predicciones de IA</field>
            <field name="category">sales</field>
            <field name="icon">💰</field>
            <field name="color_class">bg-green-100</field>
            <field name="sequence">20</field>
            <field name="implementation_time">10</field>
            <field name="complexity">basic</field>
            <field name="ai_features">True</field>
            <field name="ai_description">Predicción de ventas, análisis de tendencias, recomendaciones de productos</field>
        </record>

        <record id="module_crm" model="chart.module">
            <field name="name">CRM</field>
            <field name="technical_name">crm</field>
            <field name="description">Gestión de relaciones con clientes potenciada por IA</field>
            <field name="category">crm</field>
            <field name="icon">👥</field>
            <field name="color_class">bg-purple-100</field>
            <field name="sequence">30</field>
            <field name="implementation_time">8</field>
            <field name="complexity">basic</field>
            <field name="ai_features">True</field>
            <field name="ai_description">Puntuación automática de leads, predicción de conversión, análisis de sentimientos</field>
        </record>

        <record id="module_purchase" model="chart.module">
            <field name="name">Compras</field>
            <field name="technical_name">purchase</field>
            <field name="description">Gestión de compras y proveedores con optimización inteligente</field>
            <field name="category">purchase</field>
            <field name="icon">🛒</field>
            <field name="color_class">bg-orange-100</field>
            <field name="sequence">40</field>
            <field name="implementation_time">12</field>
            <field name="complexity">intermediate</field>
            <field name="ai_features">True</field>
            <field name="ai_description">Optimización de precios, predicción de demanda, evaluación automática de proveedores</field>
        </record>

        <record id="module_inventory" model="chart.module">
            <field name="name">Almacén</field>
            <field name="technical_name">stock</field>
            <field name="description">Gestión avanzada de inventarios con IA predictiva</field>
            <field name="category">inventory</field>
            <field name="icon">📦</field>
            <field name="color_class">bg-indigo-100</field>
            <field name="sequence">50</field>
            <field name="implementation_time">20</field>
            <field name="complexity">advanced</field>
            <field name="ai_features">True</field>
            <field name="ai_description">Predicción de stock, optimización de rutas, análisis de rotación</field>
        </record>

        <record id="module_manufacturing" model="chart.module">
            <field name="name">Manufactura</field>
            <field name="technical_name">mrp</field>
            <field name="description">Planificación y control de producción con IA</field>
            <field name="category">manufacturing</field>
            <field name="icon">🏭</field>
            <field name="color_class">bg-red-100</field>
            <field name="sequence">60</field>
            <field name="implementation_time">30</field>
            <field name="complexity">expert</field>
            <field name="ai_features">True</field>
            <field name="ai_description">Optimización de producción, mantenimiento predictivo, análisis de calidad</field>
        </record>

        <record id="module_hr" model="chart.module">
            <field name="name">RRHH</field>
            <field name="technical_name">hr</field>
            <field name="description">Gestión de recursos humanos con análisis inteligente</field>
            <field name="category">hr</field>
            <field name="icon">👨‍💼</field>
            <field name="color_class">bg-pink-100</field>
            <field name="sequence">70</field>
            <field name="implementation_time">15</field>
            <field name="complexity">intermediate</field>
            <field name="ai_features">True</field>
            <field name="ai_description">Análisis de desempeño, predicción de rotación, recomendaciones de capacitación</field>
        </record>

        <record id="module_payroll" model="chart.module">
            <field name="name">Nóminas</field>
            <field name="technical_name">hr_payroll</field>
            <field name="description">Procesamiento automático de nóminas con cumplimiento legal</field>
            <field name="category">payroll</field>
            <field name="icon">💳</field>
            <field name="color_class">bg-yellow-100</field>
            <field name="sequence">80</field>
            <field name="implementation_time">25</field>
            <field name="complexity">advanced</field>
        </record>

        <record id="module_ai_reports" model="chart.module">
            <field name="name">Reportes IA</field>
            <field name="technical_name">chart_ai_reports</field>
            <field name="description">Reportes inteligentes generados automáticamente por IA</field>
            <field name="category">ai_reports</field>
            <field name="icon">🤖</field>
            <field name="color_class">bg-emerald-100</field>
            <field name="sequence">90</field>
            <field name="implementation_time">10</field>
            <field name="complexity">intermediate</field>
            <field name="ai_features">True</field>
            <field name="ai_description">Generación automática de insights, reportes predictivos, análisis de tendencias</field>
        </record>

        <record id="module_rfid_inventory" model="chart.module">
            <field name="name">Inventarios RF</field>
            <field name="technical_name">chart_rfid_inventory</field>
            <field name="description">Sistema de inventarios con tecnología RFID y seguimiento inteligente</field>
            <field name="category">rfid</field>
            <field name="icon">📡</field>
            <field name="color_class">bg-cyan-100</field>
            <field name="sequence">95</field>
            <field name="implementation_time">20</field>
            <field name="complexity">expert</field>
            <field name="ai_features">True</field>
            <field name="ai_description">Seguimiento automático de activos, localización inteligente, análisis de movimientos</field>
        </record>

        <record id="module_services" model="chart.module">
            <field name="name">Servicios</field>
            <field name="technical_name">sale_timesheet</field>
            <field name="description">Gestión de proyectos y servicios profesionales</field>
            <field name="category">services</field>
            <field name="icon">🔧</field>
            <field name="color_class">bg-violet-100</field>
            <field name="sequence">100</field>
            <field name="implementation_time">18</field>
            <field name="complexity">intermediate</field>
            <field name="ai_features">True</field>
            <field name="ai_description">Estimación inteligente de proyectos, asignación automática de recursos, análisis de rentabilidad</field>
        </record>

    </data>
</odoo>
