<?xml version="1.0" encoding="utf-8"?>
<odoo>
    <data noupdate="1">
        <!-- Additional Demo Requests for Testing -->
        <record id="demo_request_completed" model="demo.request">
            <field name="name">Ana Martínez</field>
            <field name="email">ana.martinez@techcorp.es</field>
            <field name="phone">+34 611 222 333</field>
            <field name="company">TechCorp España</field>
            <field name="employees">15</field>
            <field name="message">Implementación completada satisfactoriamente</field>
            <field name="state">completed</field>
            <field name="service_id" ref="chart_odoo_services.demo_service_implementation"/>
        </record>

        <record id="demo_request_cancelled" model="demo.request">
            <field name="name">Pedro López</field>
            <field name="email">pedro.lopez@startup.mx</field>
            <field name="phone">+52 444 555 666</field>
            <field name="company">Startup México</field>
            <field name="employees">8</field>
            <field name="message">Proyecto cancelado por cambios internos</field>
            <field name="state">cancelled</field>
            <field name="service_id" ref="chart_odoo_services.demo_service_training"/>
        </record>

        <record id="demo_request_consulting" model="demo.request">
            <field name="name">Carmen Silva</field>
            <field name="email">carmen.silva@consultora.com</field>
            <field name="phone">+34 777 888 999</field>
            <field name="company">Consultora Internacional</field>
            <field name="employees">100</field>
            <field name="message">Necesitamos consultoría especializada en Odoo</field>
            <field name="state">new</field>
        </record>

        <!-- Demo CRM Leads -->
        <record id="demo_lead_1" model="crm.lead">
            <field name="name">Lead desde Web - Empresa Grande</field>
            <field name="partner_name">Corporación XYZ</field>
            <field name="email_from">contacto@corporacionxyz.com</field>
            <field name="phone">+34 900 100 200</field>
            <field name="description">Interés en implementación Odoo completa</field>
            <field name="stage_id" ref="crm.stage_lead1"/>
        </record>

        <record id="demo_lead_2" model="crm.lead">
            <field name="name">Lead desde Web - PYME</field>
            <field name="partner_name">PYME Innovadora</field>
            <field name="email_from">info@pymeinnovadora.es</field>
            <field name="phone">+34 800 300 400</field>
            <field name="description">Buscan solución ERP para gestión integral</field>
            <field name="stage_id" ref="crm.stage_lead2"/>
        </record>
    </data>
</odoo>
